level1,level2,description,ucc_code
1,4,OTHER NONHEALTH INSURANCE,002120
1,3,"FINANCE, LATE, INTEREST CHARGES FOR CREDIT CARDS",005420
1,3,"FINANCE, LATE, INTEREST CHARGES FOR STUDENT LOANS",005520
1,3,"FINANCE, LATE, INTEREST CHARGES FOR OTHER LOANS",005620
1,6,FLOUR,010110
1,6,PREPARED FLOUR MIXES,010120
1,6,READY-TO-EAT AND COOKED CEREALS,010210
1,6,RICE,010310
1,6,"PASTA, CORNMEAL AND OTHER CEREAL PRODUCTS",010320
1,7,WHITE BREAD,020110
1,7,"BREAD, OTHER THAN WHITE",020210
1,7,BISCUITS AND ROLLS,020310
1,7,CAKES AND CUPCAKES,020410
1,7,COOKIES,020510
1,7,CRACKERS,020610
1,7,BREAD AND CRACKER PRODUCTS,020620
1,7,"SWEETROLLS, COFFEE CAKES, DOUGHNUTS",020710
1,6,FROZEN AND REFRIGERATED BAKERY PRODUCTS,020810
1,7,"PIES, TARTS, TURNOVERS",020820
1,6,GROUND BEEF,030110
1,7,CHUCK ROAST,030210
1,7,ROUND ROAST,030310
1,7,OTHER ROAST,030410
1,7,ROUND STEAK,030510
1,7,SIRLOIN STEAK,030610
1,7,OTHER STEAK,030710
1,6,OTHER BEEF,030810
1,6,BACON,040110
1,6,PORK CHOPS,040210
1,7,"HAM, NOT CANNED",040310
1,6,OTHER PORK,040410
1,6,SAUSAGE,040510
1,7,CANNED HAM,040610
1,6,FRANKFURTERS,050110
1,7,"BOLOGNA, LIVERWURST, SALAMI",050210
1,7,OTHER LUNCHMEATS,050310
1,7,LAMB AND ORGAN MEATS,050410
1,7,"MUTTON, GOAT AND GAME",050900
1,7,FRESH AND FROZEN WHOLE CHICKEN,060110
1,7,FRESH AND FROZEN CHICKEN PARTS,060210
1,6,OTHER POULTRY,060310
1,6,CANNED FISH AND SEAFOOD,070110
1,6,FRESH FISH AND SHELLFISH,070230
1,6,FROZEN FISH AND SHELLFISH,070240
1,5,EGGS,080110
1,6,"FRESH MILK, ALL TYPES",090110
1,6,CREAM,090210
1,6,BUTTER,100110
1,6,CHEESE,100210
1,6,ICE CREAM AND RELATED PRODUCTS,100410
1,6,MISCELLANEOUS DAIRY PRODUCTS,100510
1,6,APPLES,110110
1,6,BANANAS,110210
1,6,ORANGES,110310
1,6,OTHER FRESH FRUITS,110410
1,6,"CITRUS FRUITS, EXCLUDING ORANGES",110510
1,6,POTATOES,120110
1,6,LETTUCE,120210
1,6,TOMATOES,120310
1,6,OTHER FRESH VEGETABLES,120410
1,7,FROZEN ORANGE JUICE,130110
1,7,FROZEN FRUITS,130121
1,7,FROZEN FRUIT JUICES,130122
1,6,FRESH FRUIT JUICE,130211
1,6,CANNED AND BOTTLED FRUIT JUICE,130212
1,6,CANNED FRUITS,130310
1,6,DRIED FRUIT,130320
1,6,FROZEN VEGETABLES,140110
1,7,CANNED BEANS,140210
1,7,CANNED CORN,140220
1,7,CANNED MISCELLANEOUS VEGETABLES,140230
1,7,DRIED PROCESSED VEGETABLES,140310
1,7,DRIED PEAS,140320
1,7,DRIED BEANS,140330
1,7,DRIED MISCELLANEOUS VEGETABLES,140340
1,7,FROZEN VEGETABLE JUICES,140410
1,7,FRESH AND CANNED VEGETABLE JUICES,140420
1,6,CANDY AND CHEWING GUM,150110
1,6,SUGAR,150211
1,6,ARTIFICIAL SWEETENERS,150212
1,6,"JAMS, PRESERVES, OTHER SWEETS",150310
1,6,MARGARINE,160110
1,6,FATS AND OILS,160211
1,6,SALAD DRESSINGS,160212
1,6,NONDAIRY CREAM AND IMITATION MILK,160310
1,6,PEANUT BUTTER,160320
1,6,COLA,170110
1,6,OTHER CARBONATED DRINKS,170210
1,7,ROASTED COFFEE,170310
1,7,INSTANT AND FREEZE DRIED COFFEE,170410
1,6,"NONCARBONATED FRUIT FLAVORED DRINKS, INCLUDING",170510
1,6,TEA,170520
1,6,OTHER NONCARBONATED BEVERAGES AND ICE,170531
1,6,BOTTLED WATER,170532
1,6,SPORTS DRINKS,170533
1,6,CANNED AND PACKAGED SOUPS,180110
1,7,FROZEN MEALS,180210
1,7,OTHER FROZEN PREPARED FOODS,180220
1,7,POTATO CHIPS AND OTHER SNACKS,180310
1,7,NUTS,180320
1,7,"SALT, SPICES, OTHER SEASONINGS",180410
1,7,"OLIVES, PICKLES, RELISHES",180420
1,7,SAUCES AND GRAVIES,180510
1,7,BAKING NEEDS AND MISCELLANEOUS PRODUCTS,180520
1,7,PREPARED SALADS,180611
1,7,PREPARED DESSERTS,180612
1,7,BABY FOOD,180620
1,7,MISCELLANEOUS PREPARED FOODS,180710
1,7,VITAMIN SUPPLEMENTS,180720
1,6,"LUNCH AT FAST FOOD, TAKE-OUT, DELIVERY, CONCESSION",190111
1,6,LUNCH AT FULL SERVICE RESTAURANTS,190112
1,6,LUNCH AT VENDING MACHINES AND MOBILE VENDORS,190113
1,6,LUNCH AT EMPLOYER AND SCHOOL CAFETERIAS,190114
1,6,"DINNER AT FAST FOOD, TAKE-OUT, DELIVERY, CONCESSIO",190211
1,6,DINNER AT FULL SERVICE RESTAURANTS,190212
1,6,DINNER AT VENDING MACHINES AND MOBILE VENDORS,190213
1,6,DINNER AT EMPLOYER AND SCHOOL CAFETERIAS,190214
1,6,"SNACKS AND NONALCOHOLIC BEVERAGES AT FAST FOOD,",190311
1,6,SNACKS AND NONALCOHOLIC BEVERAGES AT FULL SERVICE,190312
1,6,SNACKS AND NONALCOHOLIC BEVERAGES AT VENDING,190313
1,6,SNACKS AND NONALCOHOLIC BEVERAGES AT EMPLOYER AND,190314
1,6,"BREAKFAST AND BRUNCH AT FAST FOOD, TAKE-OUT,",190321
1,6,BREAKFAST AND BRUNCH AT FULL SERVICE RESTAURANTS,190322
1,6,BREAKFAST AND BRUNCH AT VENDING MACHINES AND MOBIL,190323
1,6,BREAKFAST AND BRUNCH AT EMPLOYER AND SCHOOL,190324
1,4,FOOD OR BOARD AT SCHOOL,190901
1,4,CATERED AFFAIRS,190902
1,4,FOOD ON OUT-OF-TOWN TRIPS,190903
1,5,FOOD PREPARED BY CONSUMER UNIT ON OUT-OF-TOWN TRIPS,190904
1,4,BEER AND ALE,200111
1,6,NONALCOHOLIC BEER,200112
1,4,WHISKEY,200210
1,4,WINE,200310
1,4,OTHER ALCOHOLIC BEVERAGES,200410
1,5,"BEER AND ALE AT FAST FOOD, TAKE-OUT, DELIVERY,",200511
1,5,BEER AND ALE AT FULL SERVICE RESTAURANTS,200512
1,5,BEER AND ALE AT VENDING MACHINES AND MOBILE VENDORS,200513
1,5,BEER AT EMPLOYER,200514
1,5,BEER AT BOARD,200515
1,5,BEER AND ALE AT CATERED AFFAIRS,200516
1,5,"WINE AT FAST FOOD, TAKE-OUT, DELIVERY, CONCESSION",200521
1,5,WINE AT FULL SERVICE RESTAURANTS,200522
1,5,WINE AT VENDING MACHINES AND MOBILE VENDORS,200523
1,5,WINE AT EMPLOYER,200524
1,5,WINE AT BOARD,200525
1,5,WINE AT CATERED AFFAIRS,200526
1,5,"OTHER ALCOHOLIC BEVERAGES AT FAST FOOD, TAKE-OUT,",200531
1,5,OTHER ALCOHOLIC BEVERAGES AT FULL SERVICE RESTAURANT,200532
1,5,OTHER ALCOHOLIC BEVERAGES AT VENDING MACHINES AND,200533
1,5,OTHER ALCOHOL AT EMPLOYER,200534
1,5,OTHER ALCOHOL AT BOARD,200535
1,5,OTHER ALCOHOLIC BEVERAGES AT CATERED AFFAIRS,200536
1,4,ALCOHOLIC BEVERAGES PURCHASED ON TRIPS,200900
1,5,RENT,210110
1,5,LODGING ON OUT-OF-TOWN TRIPS,210210
1,5,HOUSING WHILE ATTENDING SCHOOL,210310
1,6,GROUND RENT,210901
1,7,GROUND RENT,210902
1,6,HOMEOWNERS INSURANCE,220121
1,7,HOMEOWNERS INSURANCE,220122
1,5,PROPERTY TAXES,220211
1,6,PROPERTY TAXES,220212
1,6,MORTGAGE INTEREST,220311
1,7,MORTGAGE INTEREST,220312
1,6,"INTEREST PAID, HOME EQUITY LOAN",220313
1,7,"INTEREST PAID, HOME EQUITY LOAN",220314
1,6,PARKING,220901
1,7,PARKING,220902
1,7,PAINTING AND PAPERING,230112
1,7,PLUMBING AND WATER HEATING,230113
1,7,"HEAT, A/C, ELECTRICAL WORK",230114
1,7,ROOFING AND GUTTERS,230115
1,5,"DISHWASHERS (BUILT-IN), GARBAGE DISPOSALS, RANGE",230117
1,5,"DISHWASHERS (BUILT-IN), GARBAGE DISPOSALS, RANGE",230118
1,7,REPAIR OF BUILT-IN APPLIANCES,230141
1,7,REPAIR OF BUILT-IN APPLIANCES,230142
1,7,REPAIR OR MAINTENANCE SERVICES,230150
1,7,OTHER REPAIR AND MAINTENANCE SERVICES,230151
1,8,REPAIR AND REMODELING SERVICES,230152
1,7,PROPERTY MANAGEMENT,230901
1,8,PROPERTY MANAGEMENT,230902
1,7,"PAINT, WALLPAPER, AND SUPPLIES",240111
1,7,"PAINTS, WALLPAPER AND SUPPLIES",240112
1,8,"PAINTS, WALLPAPER, SUPPLIES",240113
1,7,TOOLS AND EQUIPMENT FOR PAINTING AND WALLPAPERIN,240121
1,7,TOOLS AND EQUIPMENT FOR PAINTING AND WALLPAPERIN,240122
1,8,TOOLS AND EQUIPMENT FOR PAINTING AND,240123
1,7,"MATERIALS FOR PLASTERING, PANELS, ROOFING,",240211
1,7,"MATERIALS FOR PLASTER., PANEL., SIDING, WINDOWS,",240212
1,7,MATERIALS AND EQUIPMENT FOR ROOF AND GUTTERS,240213
1,8,"MATERIALS FOR PLASTERING, PANELING, ROOFING,",240214
1,7,"MATERIALS FOR PATIO, WALK, FENCE, DRIVEWAY,",240221
1,7,"MATERIALS FOR PATIO, WALK, FENCE, DRIVEWAY,",240222
1,8,"MATERIAL FOR PATIO, WALK, FENCE, DRIVE,",240223
1,7,PLUMBING SUPPLIES AND EQUIPMENT,240311
1,7,PLUMBING SUPPLIES AND EQUIPMENT,240312
1,8,PLUMBING SUPPLIES AND EQUIPMENT,240313
1,7,"ELECTRICAL SUPPLIES, HEATING AND COOLING",240321
1,7,"ELECTRICAL SUPPLIES, HEATING AND COOLING",240322
1,8,"ELECTRICAL SUPPLIES, HEATING AND COOLING",240323
1,6,FUEL OIL (RENTER),250111
1,6,FUEL OIL (OWNED HOME),250112
1,6,FUEL OIL (OWNED VACATION),250113
1,6,FUEL OIL (RENTED VACATION),250114
1,6,"GAS, BTLD/TANK (RENTER)",250211
1,6,"GAS, BTLD/TANK (OWNED HOME)",250212
1,6,"GAS, BTLD/TANK (OWNED VACATION)",250213
1,6,"GAS, BTLD/TANK (RENTED VACATION)",250214
1,6,"COAL, WOOD, OTHER FUELS (RENTER)",250911
1,6,"COAL, WOOD, OTHER FUELS (OWNED HOME)",250912
1,6,"COAL, WOOD, OTHER FUELS (OWNED VACATION)",250913
1,6,"COAL, WOOD, OTHER FUELS (RENTED VACATION)",250914
1,5,ELECTRICITY (RENTER),260111
1,5,ELECTRICITY (OWNED HOME),260112
1,5,ELECTRICITY (OWNED VACATION),260113
1,5,ELECTRICITY (RENTED VACATION),260114
1,5,UTILITY-NATURAL GAS (RENTER),260211
1,5,UTILITY-NATURAL GAS (OWNED HOME),260212
1,5,UTILITY-NATURAL GAS (OWNED VACATION),260213
1,5,UTILITY-NATURAL GAS (RENTED VACATION),260214
1,5,CELLULAR PHONE SERVICE,270102
1,6,PHONE CARDS,270104
1,6,RESIDENTIAL TELEPHONE INCLUDING VOIP,270106
1,6,WATER/SEWER MAINT. (RENTER),270211
1,6,WATER/SEWER MAINT. (OWNED HOME),270212
1,6,WATER/SEWER MAINT. (OWNED VACATION),270213
1,6,WATER/SEWER MAINT. (RENTED VACATION),270214
1,4,CABLE AND SATELLITE TELEVISION SERVICES,270310
1,4,SATELLITE RADIO SERVICE,270311
1,6,TRASH/GARB. COLL. (RENTER),270411
1,6,TRASH/GARB. COLL. (OWNED HOME),270412
1,6,TRASH/GARB. COLL. (OWNED VACATION),270413
1,6,TRASH/GARB. COLL. (RENTED VACATION),270414
1,6,SEPTIC TANK CLEAN. (RENTER),270901
1,6,SEPTIC TANK CLEAN. (OWNED HOME),270902
1,6,SEPTIC TANK CLEAN. (OWNED VACATION),270903
1,6,SEPTIC TANK CLEAN. (RENTED VACATION),270904
1,5,BATHROOM LINENS,280110
1,5,BEDROOM LINENS,280120
1,5,"KITCHEN, DINING ROOM, OTHER LINENS",280140
1,5,CURTAINS AND DRAPERIES,280210
1,5,"SLIPCOVERS, DECORATIVE PILLOWS",280220
1,5,MATTRESS AND SPRINGS,290110
1,5,OTHER BEDROOM FURNITURE,290120
1,5,SOFAS,290210
1,5,LIVING ROOM CHAIRS,290310
1,5,LIVING ROOM TABLES,290320
1,5,"KITCHEN, DINING ROOM FURNITURE",290410
1,5,INFANTS'' FURNITURE,290420
1,5,OUTDOOR FURNITURE,290430
1,5,"WALL UNITS, CABINETS AND OTHER OCCASIONAL FURNITURE",290440
1,5,"REFRIGERATORS, FREEZERS (RENTER)",300111
1,5,"REFRIGERATORS, FREEZERS (OWNED HOME)",300112
1,5,CLOTHES WASHER OR DRYER (RENTER),300216
1,5,CLOTHES WASHER OR DRYER (OWNED HOME),300217
1,5,"COOKING STOVES, OVENS (RENTER)",300311
1,5,"COOKING STOVES, OVENS (OWNED HOME)",300312
1,5,MICROWAVE OVENS (RENTER),300321
1,5,MICROWAVE OVENS (OWNED HOME),300322
1,5,PORTABLE DISHWASHER (RENTER),300331
1,5,PORTABLE DISHWASHER (OWNED HOME),300332
1,5,WINDOW AIR CONDITIONERS (RENTER),300411
1,5,WINDOW AIR CONDITIONERS (OWNED HOME),300412
1,5,MISCELLANEOUS HOUSEHOLD APPLIANCES,300900
1,4,TELEVISIONS,310140
1,4,VCR''S AND VIDEO DISC PLAYERS,310210
1,4,"VIDEO CASSETTES, TAPES, AND DISCS",310220
1,4,VIDEO GAME SOFTWARE,310231
1,4,VIDEO GAME HARDWARE AND ACCESSORIES,310232
1,4,"STREAMING, DOWNLOADING VIDEO (THRU Q20171)",310240
1,4,"RENTAL, STREAMING, DOWNLOADING VIDEO",310243
1,4,PHONOGRAPHS,310312
1,4,PERSONAL DIGITAL AUDIO PLAYERS,310314
1,4,DIGITAL MEDIA PLAYERS AND RECORDERS,310315
1,4,"STEREOS, RADIOS, SPEAKERS, AND SOUND COMPONENTS",310316
1,4,MISCELLANEOUS SOUND EQUIPMENT,310331
1,4,SOUND EQUIPMENT ACCESSORIES,310332
1,4,SATELLITE DISHES,310334
1,4,MISCELLANEOUS VIDEO EQUIPMENT,310335
1,4,"CDS, RECORDS, AUDIO TAPES",310340
1,4,"STREAMING, DOWNLOADING AUDIO",310350
1,4,"APPLICATIONS, GAMES, RINGTONES FOR HANDHELD DEVICES",310400
1,5,"FLOOR COVERINGS, NONPERMANENT",320111
1,5,WINDOW COVERINGS,320120
1,5,INFANTS'' EQUIPMENT,320130
1,5,LAUNDRY AND CLEANING EQUIPMENT,320140
1,5,OUTDOOR EQUIPMENT,320150
1,5,"LAMPS, LIGHTING FIXTURES, CEILING FANS",320221
1,5,TELEPHONES AND ACCESSORIES,320232
1,5,CLOCKS AND OTHER HOUSEHOLD DECORATIVE ITEMS,320233
1,6,FLATWARE,320330
1,6,"DINNERWARE, GLASSWARE, SERVING PIECES",320345
1,6,NONELECTRIC COOKWARE,320370
1,6,"TABLEWARE, NONELECTRIC KITCHENWARE",320380
1,5,LAWN AND GARDEN EQUIPMENT,320410
1,5,POWER TOOLS,320420
1,5,OTHER HARDWARE,320430
1,5,ELECTRIC FLOOR CLEANING EQUIPMENT,320511
1,5,SEWING MACHINES,320512
1,6,SMALL ELECTRIC KITCHEN APPLIANCES,320521
1,6,PORTABLE HEATING AND COOLING EQUIPMENT,320522
1,8,"MATERIAL FOR INSULATION, OTHER MAINTENANCE AND",320611
1,8,"MATERIAL FOR INSULATION, OTHER MAINTENANCE AND",320612
1,9,"MATERIAL FOR INSULATION, OTHER MAINTENANCE",320613
1,7,"FLOORING INSTALLATION, REPAIR, REPLACEMENT",320624
1,7,"FLOORING INSTALLATION, REPAIR, REPLACEMENT",320625
1,8,"FLOORING INSTALLATION, REPAIR, REPLACEMENT",320626
1,7,MATERIAL FOR LANDSCAPE MAINTENANCE,320631
1,7,MATERIALS FOR LANDSCAPING MAINTENANCE,320632
1,8,MATERIALS FOR LANDSCAPING MAINTENANCE,320633
1,5,OFFICE FURNITURE FOR HOME USE,320901
1,5,HAND TOOLS,320902
1,5,"INDOOR PLANTS, FRESH FLOWERS",320903
1,5,CLOSET AND STORAGE ITEMS,320904
1,5,MISCELLANEOUS HOUSEHOLD EQUIPMENT AND PARTS,320905
1,5,SOAPS AND DETERGENTS,330110
1,5,OTHER LAUNDRY CLEANING PRODUCTS,330210
1,5,"CLEANSING AND TOILET TISSUE, PAPER TOWELS AND NAPKIN",330310
1,5,"STATIONERY, STATIONERY SUPPLIES, GIFTWRAP",330410
1,5,MISCELLANEOUS HOUSEHOLD PRODUCTS,330510
1,5,TERMITE/PEST CONTROL PRODUCTS,330511
1,5,LAWN AND GARDEN SUPPLIES,330610
1,5,POSTAGE,340110
1,5,DELIVERY SERVICES,340120
1,5,BABYSITTING AND CHILD CARE,340210
1,5,HOUSEKEEPING SERVICES,340310
1,5,"GARDENING, LAWN CARE SERVICE",340410
1,5,WATER SOFTENING SERVICE,340420
1,5,"MOVING, STORAGE, FREIGHT",340510
1,5,"HOUSEHOLD LAUNDRY AND DRY CLEANING, SENT OUT",340520
1,5,COIN-OPERATED HOUSEHOLD LAUNDRY AND DRY CLEANING,340530
1,4,"REPAIR OF TV, RADIO, AND SOUND EQUIPMENT",340610
1,5,"APPLIANCE REPAIR, INCLUDING SERVICE CENTER",340620
1,5,"REUPHOLSTERING, FURNITURE REPAIR",340630
1,5,"REPAIRS/RENTALS OF LAWN AND GARDEN EQUIPMENT, HAND O",340901
1,4,RENTAL OF TELEVISIONS,340902
1,5,OTHER HOME SERVICES,340903
1,5,RENTAL OF FURNITURE,340904
1,4,"RENTAL OF VCR, RADIO, AND SOUND EQUIPMENT",340905
1,5,"CARE FOR ELDERLY, INVALIDS, HANDICAPPED, ETC.",340906
1,5,APPLIANCE RENTAL,340907
1,5,RENTAL OF OFFICE EQUIPMENT FOR NONBUSINESS USE,340908
1,5,ADULT DAY CARE CENTERS,340910
1,7,MANAGEMENT AND UPKEEP SERVICES FOR SECURITY,340911
1,8,MANAGEMENT AND UPKEEP SERVICES FOR SECURITY,340912
1,5,REPAIR OF MISCELLANEOUS HOUSEHOLD EQUIPMENT AND,340913
1,5,SERVICES FOR TERMITE/PEST CONTROL,340914
1,5,HOME SECURITY SYSTEM SERVICE FEE,340915
1,6,TENANT''S INSURANCE,350110
1,5,MEN''S SUITS,360110
1,5,"MEN''S SPORTCOATS, TAILORED JACKETS",360120
1,5,MEN''S COATS AND JACKETS,360210
1,5,MEN''S UNDERWEAR,360311
1,5,MEN''S HOSIERY,360312
1,5,MEN''S NIGHTWEAR,360320
1,5,MEN''S ACCESSORIES,360330
1,5,MEN''S ACTIVE SPORTSWEAR,360350
1,5,MEN''S SWIMWEAR (NEW UCC Q20191),360360
1,5,"MEN''S SHIRTS, SWEATERS, AND VESTS",360420
1,5,MEN''S PANTS AND SHORTS,360513
1,5,MEN''S UNIFORMS,360901
1,5,MEN''S COSTUMES,360902
1,5,BOYS'' COATS AND JACKETS,370110
1,5,BOYS'' SHIRTS AND SWEATERS,370125
1,5,BOYS'' UNDERWEAR,370211
1,5,BOYS'' NIGHTWEAR,370212
1,5,BOYS'' HOSIERY,370213
1,5,BOYS'' ACCESSORIES,370220
1,5,"BOYS'' SUITS, SPORTCOATS, VESTS",370311
1,5,BOYS'' PANTS AND SHORTS,370314
1,5,BOYS'' SWIMWEAR (NEW UCC Q20191),370360
1,5,BOYS'' UNIFORMS AND ACTIVE SPORTSWEAR,370901
1,5,BOYS'' COSTUMES,370902
1,5,BOYS'' UNIFORMS,370903
1,5,WOMEN''S COATS AND JACKETS,380110
1,5,WOMEN''S DRESSES,380210
1,5,"WOMEN''S SPORTCOATS, TAILORED JACKETS",380311
1,5,"WOMEN''S SWEATERS, SHIRTS, TOPS, VESTS",380315
1,5,WOMEN''S SKIRTS,380320
1,5,WOMEN''S PANTS AND SHORTS,380333
1,5,WOMEN''S ACTIVE SPORTSWEAR,380340
1,5,WOMEN''S SWIMWEAR (NEW UCC Q20191),380360
1,5,WOMEN''S SLEEPWEAR,380410
1,5,WOMEN''S UNDERGARMENTS,380420
1,5,WOMEN''S HOSIERY,380430
1,5,WOMEN''S SUITS,380510
1,5,WOMEN''S ACCESSORIES,380901
1,5,WOMEN''S UNIFORMS,380902
1,5,WOMEN''S COSTUMES,380903
1,5,GIRLS'' COATS AND JACKETS,390110
1,5,GIRLS'' DRESSES AND SUITS,390120
1,5,"GIRLS'' SHIRTS, BLOUSES, SWEATERS, VESTS",390210
1,5,"GIRLS'' SKIRTS, PANTS, AND SHORTS",390223
1,5,GIRLS'' ACTIVE SPORTSWEAR,390230
1,5,GIRLS'' UNDERWEAR AND SLEEPWEAR,390310
1,5,GIRLS'' HOSIERY,390321
1,5,GIRLS'' ACCESSORIES,390322
1,5,GIRLS'' SWIMWEAR (NEW UCC Q20191),390360
1,5,GIRLS'' UNIFORMS,390901
1,5,GIRLS'' COSTUMES,390902
1,4,MEN''S FOOTWEAR,400110
1,4,BOYS'' FOOTWEAR,400210
1,4,GIRLS'' FOOTWEAR,400220
1,4,WOMEN''S FOOTWEAR,400310
1,4,"INFANT COAT, JACKET, SNOWSUIT",410110
1,4,"INFANT DRESSES, OUTERWEAR",410120
1,4,INFANT UNDERWEAR,410130
1,4,"INFANT NIGHTWEAR, LOUNGEWEAR",410140
1,4,INFANT ACCESSORIES,410901
1,4,"MATERIAL AND SUPPLIES FOR SEWING, NEEDLEWORK, QUILTING",420115
1,4,WATCHES,430110
1,4,JEWELRY,430120
1,5,LUGGAGE,430130
1,4,SHOE REPAIR AND OTHER SHOE SERVICE,440110
1,4,COIN-OPERATED APPAREL LAUNDRY AND DRY CLEANING,440120
1,4,"ALTERATION, REPAIR AND TAILORING OF APPAREL AND",440130
1,4,CLOTHING RENTAL,440140
1,4,WATCH AND JEWELRY REPAIR,440150
1,4,APPAREL LAUNDRY AND DRY CLEANING NOT COIN-OPERATED,440210
1,4,CLOTHING STORAGE,440900
1,5,NEW CARS,450110
1,5,NEW TRUCKS,450210
1,5,NEW MOTORCYCLES,450220
1,7,CAR/TRUCK LEASE PAYMENTS,450350
1,7,EXTRA FEES FOR CAR/TRUCK LEASE,450351
1,7,TRADE IN ALLOWANCE FOR CAR/TRUCK LEASE,450352
1,7,CASH DOWNPAYMENT CAR/TRUCK LEASE,450353
1,7,TERMINATION FEE FOR CAR/TRUCK LEASE,450354
1,5,NEW AIRCRAFT,450900
1,5,USED CARS,460110
1,5,USED TRUCKS,460901
1,5,USED MOTORCYCLES,460902
1,5,USED AIRCRAFT,460903
1,4,GASOLINE,470111
1,4,DIESEL FUEL,470112
1,4,GASOLINE ON OUT-OF-TOWN TRIPS,470113
1,4,ALTERNATIVE FUELS,470114
1,4,MOTOR OIL,470211
1,4,MOTOR OIL ON OUT-OF-TOWN TRIPS,470212
1,5,"COOLANT, BRAKE FLUID, TRANSMISSION FLUID, AND OTHER",470220
1,4,ELECTRIC VEHICLE CHARGING,470311
1,5,"TIRES - PURCHASED, REPLACED, INSTALLED",480110
1,5,VEHICLE PRODUCTS AND CLEANING SERVICES,480212
1,5,"PARTS, EQUIPMENT, AND ACCESSORIES",480213
1,5,"MISC. AUTO REPAIR, SERVICING",490000
1,5,BODY WORK AND PAINTING,490110
1,5,VEHICLE OR ENGINE REPAIRS,490300
1,5,MOTOR TUNE-UP,490311
1,5,"LUBE, OIL CHANGE, AND OIL FILTERS",490312
1,5,"FRONT-END ALIGNMENT, WHEEL BALANCE AND ROTATION",490313
1,5,SHOCK ABSORBER REPLACEMENT,490314
1,5,"GAS TANK REPAIR, REPLACEMENT",490316
1,5,REPAIR TIRES AND OTHER REPAIR WORK,490318
1,5,AUTO REPAIR SERVICE POLICY,490900
1,4,VEHICLE INSURANCE,500110
1,5,AUTOMOBILE FINANCE CHARGES,510110
1,5,TRUCK FINANCE CHARGES,510901
1,5,MOTORCYCLE AND PLANE FINANCE CHARGES,510902
1,5,VEHICLE REGISTRATION STATE/LOCAL,520110
1,5,DRIVERS'' LICENSE,520310
1,5,VEHICLE INSPECTION,520410
1,7,AUTO/TRUCK RENTAL,520516
1,7,"AUTO/TRUCK RENTAL, OUT-OF-TOWN TRIPS",520517
1,6,"PARKING FEES IN HOME CITY, EXCLUDING RESIDENCE",520531
1,6,"PARKING FEES, OUT-OF-TOWN TRIPS",520532
1,5,TOLLS OR ELECTRONIC TOLL PASSES,520541
1,5,TOLLS ON OUT-OF-TOWN TRIPS,520542
1,5,TOWING CHARGES,520550
1,4,DOCKING AND LANDING FEES,520901
1,7,MOTORCYCLE RENTAL,520902
1,5,RENTAL NONCAMPER TRAILER,520904
1,7,"MOTORCYCLE RENTAL, OUT-OF-TOWN TRIPS",520905
1,5,BOAT AND TRAILER RENTAL OUT-OF-TOWN TRIPS,520907
1,4,AIRLINE FARES,530110
1,4,INTERCITY BUS FARES,530210
1,4,INTRACITY MASS TRANSIT FARES,530311
1,4,LOCAL TRANS. ON OUT-OF-TOWN TRIPS,530312
1,4,TAXI FARES AND LIMOUSINE SERVICES ON TRIPS,530411
1,4,TAXI FARES AND LIMOUSINE SERVICES,530412
1,4,INTERCITY TRAIN FARES,530510
1,4,SHIP FARES,530901
1,4,SCHOOL BUS,530902
1,4,PRESCRIPTION DRUGS,540000
1,4,EYEGLASSES AND CONTACT LENSES,550110
1,4,NONPRESCRIPTION DRUGS,550210
1,4,TOPICALS AND DRESSINGS,550310
1,4,MEDICAL EQUIPMENT FOR GENERAL USE,550320
1,4,SUPPORTIVE AND CONVALESCENT MEDICAL EQUIPMENT,550330
1,4,HEARING AIDS,550340
1,4,NONPRESCRIPTION VITAMINS,550410
1,4,PHYSICIAN''S SERVICES,560110
1,4,DENTAL SERVICES,560210
1,4,EYECARE SERVICES,560310
1,4,"LAB TESTS, X-RAYS",560330
1,4,SERVICE BY PROFESSIONALS OTHER THAN PHYSICIAN (THRU,560400
1,4,NON PHYSICIAN SERVICES INSIDE HOME,560410
1,4,NON PHYSICIAN SERVICES OUTSIDE HOME (NEW UCC Q20172),560420
1,4,HOSPITAL ROOM AND SERVICES,570111
1,4,CARE IN CONVALESCENT OR NURSING HOME,570220
1,4,OTHER MEDICAL CARE SERVICES,570230
1,4,MEDICAL CARE IN RETIREMENT COMMUNITY,570240
1,4,RENTAL OF MEDICAL EQUIPMENT,570901
1,4,REPAIR OF MEDICAL EQUIPMENT,570902
1,4,"RENTAL OF SUPPORTIVE, CONVALESCENT MEDICAL EQUIPMENT",570903
1,5,FEE FOR SERVICE HEALTH PLAN (NOT BCBS),580115
1,5,FEE FOR SERVICE HEALTH PLAN (BCBS),580116
1,4,HEALTH MAINTENANCE ORGANIZATION (NOT BCBS),580311
1,5,HEALTH MAINTENANCE ORGANIZATION (BCBS),580312
1,4,LONG TERM CARE INSURANCE (THRU Q20171),580400
1,4,LONG TERM CARE INSURANCE (NOT BCBS),580401
1,4,LONG TERM CARE INSURANCE (BCBS) (NEW UCC Q20172),580402
1,5,DENTAL CARE INSURANCE (NOT BCBS) (NEW UCC Q20172),580411
1,5,DENTAL CARE INSURANCE (BCBS) (NEW UCC Q20172),580412
1,5,PRESCRIPTION DRUG INSURANCE (NOT BCBS) (NEW UCC,580421
1,5,PRESCRIPTION DRUG INSURANCE (BCBS) (NEW UCC Q20172),580422
1,5,VISION CARE INSURANCE (NOT BCBS) (NEW UCC Q20172),580431
1,5,VISION CARE INSURANCE (BCBS) (NEW UCC Q20172),580432
1,5,OTHER SINGLE SERVICE INSURANCE (NOT BCBS),580441
1,5,OTHER SINGLE SERVICE INSURANCE (BCBS) (NEW UCC,580442
1,4,MEDICARE PAYMENTS,580901
1,5,COMMERCIAL MEDICARE SUPPLEMENT (NOT BCBS),580903
1,5,COMMERCIAL MEDICARE SUPPLEMENT (BCBS),580904
1,5,OTHER HEALTH INSURANCE (NOT BCBS) (THRU Q20171),580905
1,5,OTHER HEALTH INSURANCE (BCBS) (THRU Q20171),580906
1,4,MEDICARE PRESCRIPTION DRUG PREMIUM,580907
1,4,MEDICAID PREMIUMS (NEW UCC Q20172),580908
1,4,TRICARE/MILITARY PREMIUMS (NEW UCC Q20172),580909
1,4,CHILDREN''S HEALTH INSURANCE PROGRAM (CHIP) PREMIUMS,580910
1,3,NEWSPAPERS,590110
1,3,MAGAZINES,590210
1,3,BOOKS THRU BOOK CLUBS,590220
1,3,BOOKS NOT THRU BOOK CLUBS,590230
1,3,NEWSLETTERS,590900
1,4,OUTBOARD MOTORS,600110
1,5,BOAT WITHOUT MOTOR AND BOAT TRAILERS,600121
1,5,TRAILER AND OTHER ATTACHABLE CAMPERS,600122
1,5,PURCHASE OF BOAT WITH MOTOR,600132
1,5,PURCHASE OF MOTORIZED CAMPER,600141
1,5,PURCHASE OF OTHER VEHICLE,600142
1,5,"ATHLETIC GEAR, GAME TABLES, AND EXERCISE EQUIPMENT",600210
1,5,BICYCLES,600310
1,5,"BIKE SHARING, E-SCOOTERS (NEW UCC Q20192)",600311
1,5,"SCOOTERS, AND OTHER SINGLE RIDER TRANSPORTATION (NEW",600315
1,5,CAMPING EQUIPMENT,600410
1,5,HUNTING AND FISHING EQUIPMENT,600420
1,5,WINTER SPORTS EQUIPMENT,600430
1,5,WATER SPORTS EQUIPMENT,600901
1,5,OTHER SPORTS EQUIPMENT,600902
1,5,GLOBAL POSITIONING SYSTEM DEVICES,600903
1,5,"TOYS, GAMES, ARTS AND CRAFTS, AND TRICYCLES",610110
1,5,PLAYGROUND EQUIPMENT,610120
1,4,MUSICAL INSTRUMENTS AND ACCESSORIES,610130
1,5,STAMP AND COIN COLLECTING,610140
1,5,FILM,610210
1,5,OTHER PHOTOGRAPHIC SUPPLIES,610220
1,5,PHOTOGRAPHIC EQUIPMENT,610230
1,5,PET FOOD,610310
1,5,"PET PURCHASE, SUPPLIES, MEDICINE",610320
1,4,"RECREATION EXPENSES, OUT-OF-TOWN TRIPS",610900
1,4,FIREWORKS,610901
1,4,SOUVENIRS,610902
1,4,VISUAL GOODS,610903
1,4,"SOCIAL, RECREATION, HEALTH CLUB MEMBERSHIP",620111
1,3,CREDIT CARD MEMBERSHIPS,620112
1,5,AUTOMOBILE SERVICE CLUBS AND GPS SERVICES,620114
1,3,SHOPPING CLUB MEMBERSHIP FEES,620115
1,4,FEES FOR PARTICIPANT SPORTS,620121
1,4,"PARTICIPANT SPORTS, OUT-OF-TOWN TRIPS",620122
1,4,"MOVIE, OTHER ADMISSIONS, OUT-OF-TOWN TRIPS",620212
1,4,"PLAY, THEATER, OPERA, CONCERT",620213
1,4,"MOVIES, PARKS, MUSEUMS (THRU Q20171)",620214
1,4,TICKETS TO MOVIES,620215
1,4,TICKETS TO PARKS OR MUSEUMS (NEW UCC Q20172),620216
1,4,ADMISSION TO SPORTING EVENTS,620221
1,4,"ADMISSION TO SPORTS EVENTS, OUT-OF-TOWN TRIPS",620222
1,4,FEES FOR RECREATIONAL LESSONS,620310
1,5,PHOTOGRAPHER FEES,620320
1,5,PHOTO PROCESSING,620330
1,5,PET SERVICES,620410
1,5,VET SERVICES,620420
1,4,"OTHER ENTERTAINMENT SERVICES, OUT-OF-TOWN TRIPS",620903
1,4,RENTAL AND REPAIR OF MUSICAL INSTRUMENTS,620904
1,5,REPAIR AND RENTAL OF PHOTOGRAPHIC EQUIPMENT,620905
1,5,RENTAL OF BOAT,620906
1,5,RENTAL AND REPAIR OF MISCELLANEOUS SPORTS EQUIPMENT,620908
1,5,RENTAL OF CAMPERS ON OUT-OF-TOWN TRIPS,620909
1,4,"RENTAL OF VIDEO CASSETTES, TAPES, FILMS, AND DISCS",620912
1,4,"PINBALL, ELECTRONIC VIDEO GAMES",620913
1,4,RENTAL OF VIDEO HARDWARE/ACCESSORIES,620917
1,4,RENTAL OF VIDEO SOFTWARE,620918
1,5,RENTAL OF OTHER VEHICLES ON OUT-OF-TOWN TRIPS,620919
1,5,RENTAL OF MOTORIZED CAMPER,620921
1,5,RENTAL OF OTHER RV''S,620922
1,3,MISCELLANEOUS FEES,620925
1,3,LOTTERIES AND PARI-MUTUEL LOSSES,620926
1,4,ONLINE GAMING SERVICES,620930
1,3,CIGARETTES,630110
1,3,OTHER TOBACCO PRODUCTS,630210
1,3,SMOKING ACCESSORIES,630220
1,3,MARIJUANA,630900
1,4,HAIR CARE PRODUCTS,640110
1,4,NONELECTRIC ARTICLES FOR THE HAIR,640120
1,4,WIGS AND HAIRPIECES,640130
1,4,"ORAL HYGIENE PRODUCTS, ARTICLES",640210
1,4,SHAVING NEEDS,640220
1,4,"COSMETICS, PERFUME, BATH PREPARATIONS",640310
1,4,"DEODORANTS, FEMININE HYGIENE, MISCELLANEOUS PERSONAL",640410
1,4,ELECTRIC PERSONAL CARE APPLIANCES,640420
1,4,ADULT DIAPERS,640430
1,4,PERSONAL CARE SERVICES,650310
1,4,REPAIR OF PERSONAL CARE APPLIANCES,650900
1,3,"SCHOOL SUPPLIES, ETC. - UNSPECIFIED",660000
1,3,"SCHOOL BOOKS, SUPPLIES, EQUIPMENT FOR COLLEGE",660110
1,3,"SCHOOL BOOKS, SUPPLIES, EQUIPMENT FOR ELEMENTARY, HIGH",660210
1,3,ENCYCLOPEDIA AND OTHER SETS OF REFERENCE BOOKS,660310
1,3,"SCHOOL BOOKS, SUPPLIES, EQUIPMENT FOR VOCATIONAL AND",660410
1,3,"SCHOOL BOOKS, SUPPLIES, EQUIPMENT FOR DAY CARE, NURSERY",660901
1,3,"SCHOOL BOOKS, SUPPLIES, EQUIPMENT FOR OTHER SCHOOLS",660902
1,3,COLLEGE TUITION,670110
1,3,ELEMENTARY AND HIGH SCHOOL TUITION,670210
1,5,"DAY CARE CENTERS, NURSERY, AND PRESCHOOLS",670310
1,3,VOCATIONAL AND TECHNICAL SCHOOL TUITION,670410
1,3,OTHER SCHOOLS TUITION,670901
1,3,OTHER SCHOOL EXPENSES INCLUDING RENTALS,670902
1,3,"TEST PREPARATION, TUTORING SERVICES",670903
1,3,LEGAL FEES,680110
1,3,FUNERAL EXPENSES,680140
1,3,SAFE DEPOSIT BOX RENTAL,680210
1,3,"CHECKING ACCOUNTS, OTHER BANK SERVICE CHARGES",680220
1,4,LIVE ENTERTAINMENT FOR CATERED AFFAIRS,680310
1,4,RENTAL OF PARTY SUPPLIES FOR CATERED AFFAIRS,680320
1,3,"CEMETERY LOTS, VAULTS, MAINTENANCE FEES",680901
1,3,ACCOUNTING FEES,680902
1,3,MISCELLANEOUS PERSONAL SERVICES,680903
1,3,DATING SERVICES,680904
1,3,VACATION CLUBS,680905
1,5,COMPUTERS AND COMPUTER HARDWARE FOR NONBUSINESS USE,690111
1,5,REPAIR OF COMPUTER SYSTEMS FOR NONBUSINESS USE,690113
1,5,COMPUTER INFORMATION SERVICES (INTERNET),690114
1,5,INTERNET SERVICES AWAY FROM HOME,690116
1,5,PORTABLE MEMORY,690117
1,3,DIGITAL BOOK READERS,690118
1,5,COMPUTER SOFTWARE,690119
1,5,COMPUTER ACCESSORIES,690120
1,5,BUSINESS EQUIPMENT FOR HOME USE,690230
1,5,OTHER HOUSEHOLD APPLIANCES (RENTER),690244
1,5,OTHER HOUSEHOLD APPLIANCES (OWNED HOME),690245
1,5,INSTALLATION OF COMPUTER,690310
1,4,INSTALLATION OF TELEVISIONS,690320
1,4,INSTALLATION OF SATELLITE TELEVISION EQUIPMENT,690330
1,4,INSTALLATION OF SOUND SYSTEMS,690340
1,4,INSTALLATION OF OTHER VIDEO EQUIPMENT OR SOUND SYSTEMS,690350
1,4,"LIFE, ENDOWMENT, ANNUITY, OTHER PERSONAL INSURANCE",700110
1,4,SCHOOL LUNCHES,790430
1,3,EXPENSES FOR OTHER PROPERTIES,790600
1,8,CONSTRUCTION MATERIALS FOR JOBS NOT STARTED,790690
1,3,ALIMONY EXPENDITURES,800111
1,3,CHILD SUPPORT EXPENDITURES,800121
1,4,MEALS AS PAY,800700
1,5,RENT AS PAY,800710
1,3,SUPPORT FOR COLLEGE STUDENTS,800804
1,3,"GIFT TO NON-CU MEMBERS OF STOCKS, BONDS, AND MUTUAL FUND",800811
1,3,CASH CONTRIBUTIONS TO CHARITIES AND OTHER ORGANIZATIONS,800821
1,3,"CASH CONTRIBUTIONS TO CHURCH, RELIGIOUS ORGANIZATIONS",800831
1,3,CASH CONTRIBUTION TO EDUCATIONAL INSTITUTIONS,800841
1,3,CASH CONTRIBUTION TO POLITICAL ORGANIZATIONS,800851
1,3,OTHER CASH GIFTS,800861
1,4,DEDUCTIONS FOR GOVERNMENT RETIREMENT,800910
1,4,DEDUCTIONS FOR RAILROAD RETIREMENT,800920
1,4,DEDUCTIONS FOR PRIVATE PENSIONS,800931
1,4,NON-PAYROLL DEPOSIT TO RETIREMENT PLANS,800932
1,4,DEDUCTIONS FOR SOCIAL SECURITY,800940
1,5,OTHER VEHICLE FINANCE CHARGES,850300
1,6,"INTEREST PAID, HOME EQUITY LINE OF CREDIT",880110
1,3,"INTEREST PAID, HOME EQUITY LINE OF CREDIT (OTHER",880210
1,7,"INTEREST PAID, HOME EQUITY LINE OF CREDIT",880310
1,3,OCCUPATIONAL EXPENSES,900002
1,5,"RENTAL AND INSTALLATION OF DISHWASHERS, RANGE HOODS,",990900
1,8,"MATERIALS FOR ADDITIONS, FINISHING BASEMENTS,",990920
1,8,"MATERIALS TO FINISH BASEMENT, REMODEL ROOMS OR",990930
1,9,MATERIAL FOR FINISHING BASEMENTS AND,990940
